node_id,node_type,width,height,lx,ly,pin_count,cluster_area,internal_net,group_id,region_id
0,0,126.0,252.0,714.0,567.0,3,31752.0,0,0,-1
1,0,126.0,252.0,588.0,567.0,4,31752.0,0,0,-1
2,0,126.0,252.0,462.0,567.0,4,31752.0,0,0,-1
3,0,126.0,252.0,336.0,567.0,3,31752.0,0,0,-1
4,0,126.0,252.0,336.0,315.0,2,31752.0,0,0,-1
5,0,126.0,252.0,462.0,315.0,3,31752.0,0,0,-1
6,0,126.0,252.0,588.0,315.0,3,31752.0,0,0,-1
7,0,126.0,252.0,714.0,315.0,2,31752.0,0,0,-1
8,0,42.0,168.0,294.0,651.0,2,7056.0,0,1,-1
9,0,42.0,168.0,252.0,651.0,3,7056.0,0,1,-1
10,0,42.0,168.0,210.0,651.0,3,7056.0,0,1,-1
11,0,42.0,168.0,168.0,651.0,3,7056.0,0,1,-1
12,0,42.0,168.0,126.0,651.0,3,7056.0,0,1,-1
13,0,42.0,168.0,84.0,651.0,3,7056.0,0,1,-1
14,0,42.0,168.0,42.0,651.0,3,7056.0,0,1,-1
15,0,42.0,168.0,0.0,651.0,2,7056.0,0,1,-1
16,0,126.0,84.0,0.0,147.0,3,10584.0,0,2,-1
17,0,126.0,84.0,0.0,231.0,4,10584.0,0,2,-1
18,0,126.0,84.0,0.0,315.0,4,10584.0,0,2,-1
19,0,126.0,84.0,126.0,147.0,2,10584.0,0,2,-1
20,0,126.0,84.0,126.0,231.0,3,10584.0,0,2,-1
21,0,126.0,84.0,126.0,315.0,3,10584.0,0,2,-1
22,0,126.0,84.0,0.0,399.0,3,10584.0,0,2,-1
23,0,126.0,84.0,126.0,399.0,2,10584.0,0,2,-1
24,0,84.0,126.0,189.0,0.0,2,10584.0,0,3,-1
25,0,84.0,126.0,273.0,0.0,3,10584.0,0,3,-1
26,0,84.0,126.0,357.0,0.0,3,10584.0,0,3,-1
27,0,84.0,126.0,441.0,0.0,3,10584.0,0,3,-1
28,0,84.0,126.0,525.0,0.0,3,10584.0,0,3,-1
29,0,84.0,126.0,609.0,0.0,3,10584.0,0,3,-1
30,0,84.0,126.0,693.0,0.0,2,10584.0,0,3,-1
31,4,0.0,0.0,777.0,840.0,1,0.0,0,-1,-1
32,4,0.0,0.0,651.0,840.0,1,0.0,0,-1,-1
33,4,0.0,0.0,525.0,840.0,1,0.0,0,-1,-1
34,4,0.0,0.0,399.0,840.0,1,0.0,0,-1,-1
35,4,0.0,0.0,315.0,840.0,1,0.0,0,-1,-1
36,4,0.0,0.0,273.0,840.0,1,0.0,0,-1,-1
37,4,0.0,0.0,231.0,840.0,1,0.0,0,-1,-1
38,4,0.0,0.0,189.0,840.0,1,0.0,0,-1,-1
39,4,0.0,0.0,147.0,840.0,1,0.0,0,-1,-1
40,4,0.0,0.0,105.0,840.0,1,0.0,0,-1,-1
41,4,0.0,0.0,63.0,840.0,1,0.0,0,-1,-1
42,4,0.0,0.0,21.0,840.0,1,0.0,0,-1,-1
43,4,0.0,0.0,0.0,189.0,1,0.0,0,-1,-1
44,4,0.0,0.0,0.0,273.0,1,0.0,0,-1,-1
45,4,0.0,0.0,0.0,357.0,1,0.0,0,-1,-1
46,4,0.0,0.0,0.0,441.0,1,0.0,0,-1,-1
47,4,0.0,0.0,231.0,0.0,1,0.0,0,-1,-1
48,4,0.0,0.0,315.0,0.0,1,0.0,0,-1,-1
49,4,0.0,0.0,399.0,0.0,1,0.0,0,-1,-1
50,4,0.0,0.0,483.0,0.0,1,0.0,0,-1,-1
51,4,0.0,0.0,567.0,0.0,1,0.0,0,-1,-1
52,4,0.0,0.0,651.0,0.0,1,0.0,0,-1,-1
53,4,0.0,0.0,735.0,0.0,1,0.0,0,-1,-1
