2,1,1,(0,1)
2,1,1,(0,7)
2,1,1,(1,2)
2,1,1,(1,6)
2,1,1,(2,3)
2,1,1,(2,5)
2,1,1,(3,4)
2,1,1,(4,5)
2,1,1,(5,6)
2,1,1,(6,7)
2,1,1,(8,9)
2,1,1,(9,10)
2,1,1,(10,11)
2,1,1,(11,12)
2,1,1,(12,13)
2,1,1,(13,14)
2,1,1,(14,15)
2,1,1,(16,17)
2,1,1,(16,19)
2,1,1,(17,18)
2,1,1,(17,20)
2,1,1,(18,21)
2,1,1,(18,22)
2,1,1,(19,20)
2,1,1,(20,21)
2,1,1,(21,23)
2,1,1,(22,23)
2,1,1,(24,25)
2,1,1,(25,26)
2,1,1,(26,27)
2,1,1,(27,28)
2,1,1,(28,29)
2,1,1,(29,30)
2,1,20,(0,31)
2,1,20,(1,32)
2,1,20,(2,33)
2,1,20,(3,34)
2,1,20,(8,35)
2,1,20,(9,36)
2,1,20,(10,37)
2,1,20,(11,38)
2,1,20,(12,39)
2,1,20,(13,40)
2,1,20,(14,41)
2,1,20,(15,42)
2,1,20,(16,43)
2,1,20,(17,44)
2,1,20,(18,45)
2,1,20,(22,46)
2,1,20,(24,47)
2,1,20,(25,48)
2,1,20,(26,49)
2,1,20,(27,50)
2,1,20,(28,51)
2,1,20,(29,52)
2,1,20,(30,53)
